10.1002,"Wiley Blackwell (John Wiley & Sons)","111 River Street Hoboken, NJ 07030 USA"
10.1155,"Hindawi Publishing Corporation","Nasr City Free Zone Cairo, 11816 Egypt"
10.1142,"World Scientific","No 5 Toh Tuck Link 596224 Singapore"
10.1111,"Wiley Blackwell (Blackwell Publishing)","111 River Street Hoboken, NJ 07030 USA"
10.3109,"Informa UK (Informa Healthcare)",
10.1007,Springer-Verlag,"Van Godewijckstraat 30 Dordrecht, GX 3311 The Netherlands"
10.1016,Elsevier,"360 Park Ave South New York, NY 10010 USA"
10.3402,"Co-Action Publishing","Haggebyholmsvagen 5 Balsta, 74694 Sweden"
10.1017,"Cambridge University Press","The Edinburgh Bldg Shaftesbury Rd Cambridge, CB2 2RU UK"
10.1080,"Informa UK (Taylor & Francis)","4 Park Square Milton Park, Abingdon, OXON OX14 4RN UK"
10.1067,"Elsevier - Mosby","360 Park Ave South New York, NY 10010 USA"
10.1177,"Sage Publications","2455 Teller Road Thousand Oaks, CA 91320 USA"
10.1097,"Ovid Technologies (Wolters Kluwer)  - Lippincott Williams & Wilkins","Ovid Technologies 333 Seventh Ave., 20th fl New York, NY 10001 USA"
10.1042,"Portland Press","Charles Darwin House 12 Roger St. London, WC1N 2JU UK"
10.1093,"Oxford University Press","Academic Division Journals Great Clarendon Street Oxford, OX2 6DP UK"
10.1038,"Nature Publishing Group","75 Varick Street 9th Floor New York, NY 10013-1917 USA"
10.1006,"Elsevier - Academic Press","360 Park Ave South New York, NY 10010 USA"
10.5194,"Copernicus GmbH","Bahnhofsalle 1e Gottingen, 37081 Germany"
10.1140,Springer-Verlag,"Van Godewijckstraat 30 Dordrecht, GX 3311 The Netherlands"
10.1051,"EDP Sciences","17 av. du Hoggar PA de Courtaboeuf BP 112 Les Ulis cedex A, 91944 France"
10.4171,"European Mathematical Society Publishing House","ETH-Zentrum FLI C4 CH-8092 Zurich, Switzerland"
10.2350,"Society for Pediatric Pathology","3643 Walton Way Extension Augusta, GA 30909 USA"
10.3390,"MDPI AG","Postfach Basel, CH-4005 Switzerland"
10.2134,"American Society of Agronomy","5585 Guilford Rd. Madison, WI 53711 USA"
10.1055,"Thieme Publishing Group","Ruedigerstrasse 14 Stuttgart, 70469 Germany"
10.1088,"IOP Publishing","Temple Circus Temple Way Bristol, BS1 6BE UK"
10.2166,"IWA Publishing","Alliance House 12 Caxton Street London, SW1H OEX UK"
10.1057,"Nature Publishing Group - Macmillan Publishers","75 Varick Street 9th Floor New York, NY 10013-1917 USA"
10.7872,,
10.3166,"Lavoisier SAS","14 rue de Provigny Cachan cedex, 94236 France"
10.1214,"Institute of Mathematical Statistics","c/o Cornell University 107 Olin Library/Deb. Gagnon Ithaca, NY 14853 USA"
10.1179,"Maney Publishing","Suite 1C, Joseph's Well Hanover Walk Leeds, LS3 1AB UK"
10.3727,"Cognizant Communication Corp","PO Box 37 Putnam Valley, NY 10579 USA"
10.1021,"American Chemical Society","1155 Sixteenth Street N.W. Washington, DC 20036-4899 USA"
10.1037,"American Psychological Association","750 First Street NE Washington, DC 20002-4242 USA"
10.1023,"Springer (Kluwer Academic Publishers)","Van Godewijckstraat 30 Dordrecht, GX 3311 The Netherlands"
10.1134,"Pleiades Publishing","Profsoyusnaya St. 90 Moscow, 117997 Russia"
10.1163,"Brill Academic Publishers","Plantijnstraat 2 PO Box 9000 PA Leiden, 2300 The Netherlands"
10.1556,"Akademiai Kiado RT","Prielle Kornelia utca 21-35 Budapest, H-1117 Hungary"
10.1112,"Oxford University Press - London Mathematical Society","Academic Division Journals Great Clarendon Street Oxford, OX2 6DP UK"
10.1076,"Informa UK (Swets & Zeitlinger Publishers)","Heereweg 347B Attn: Lukas Goosen Lisse, CA 2161 The Netherlands"
10.1258,"The Royal Society of Medicine","2455 Teller Road Thousand Oaks, CA 91320 USA"
10.1183,"European Respiratory Society","442 Glossop Rd. Sheffield, s10 2PX UK"
10.1259,"British Institute of Radiology","48-50 St. John's Street Accounts Payable London, EC1M 4DG UK"
10.1593,"Neoplasia Press","Ross 2410 Foxway Ann Arbor, MI 48105 USA"
10.1039,"The Royal Society of Chemistry","Thomas Graham House Science Park, Milton Rd Cambridge, CB4 0WF UK"
10.3184,"Science Reviews 2000 LTD.","PO Box 314 St. Albans Herts, AL1 4ZG UK"
10.1108,"Emerald (MCB UP )","Howard House, Wagon Lane Bingley West Yorkshire, BD16 1WA UK"
10.1306,AAPG/Datapages,"1444 South Boulder Tulsa, OK 74119 USA"
10.2332,"Japanese Society of Allergology",Japan
10.3997,"EAGE Publications","PO Box 59 3900 DB Houten, The Netherlands"
10.1136,"BMJ Publishing Group","BMA House Tavistock Square London, WCIH 9JR UK"
10.5698,"American Epilepsy Society","342 North Main Street West Hartford, CT 06117-2507 USA"
10.1186,"Springer (Biomed Central Ltd.)","Van Godewijckstraat 30 Dordrecht, GX 3311 The Netherlands"
10.1049,"Institution of Electrical Engineers","Michael Faraday House Six Hills Way Stevenage Herts, SG1 2AY UK"
10.1053,"Elsevier - WB Saunders","360 Park Ave South New York, NY 10010 USA"
10.1054,"Elsevier- Churchill Livingstone","360 Park Ave South New York, NY 10010 USA"
10.1061,"American Society of Civil Engineers","1801 Alexander Bell Dr. Attn: Charlotte McNaughton Reston, VA 20191 USA"
10.1063,"American Institute of Physics","2 Huntington Quadrangle Ste 1 No 1 Melville, NY 11747-4502 USA"
10.1117,"SPIE - International Society for Optical Engineering","P.O. Box 10 Bellingham, WA 98227-0010 USA"
10.1118,"American Association of Physicists in Medicine","C/O AIP none none, none none USA"
10.1119,"American Association of Physics Teachers","c/o AIP USA"
10.1120,,
10.1121,"Acoustical Society of America","c/o AIP none none, none none USA"
10.1122,"Society of Rheology",USA
10.1149,"The Electrochemical Society","65 South Main St, Pennington, NJ 08534 USA"
10.1066,"Blackhorse Publishing","ul. Zeganska 16 Warsaw, PL-04713 Poland"
10.1068,"Pion Ltd.","207 Brondesbury Park London, NW2 5JN UK"
10.1070,Turpion,"MIAN, 8 Gubkina Street Room 915 Moscow, 119991 Russia"
10.3367,"Uspekhi Fizicheskikh Nauk Journal","Shchukinskaya Str.12 Building 1 Moscow, 123182 Russia"
10.1073,"Proceedings of the National Academy of Sciences","700 11th St. NW Suite 450 Washington, DC 20001 USA"
10.1074,"American Society for Biochemistry and Molecular Biology","9650 Rockville Pike Bethesda, MD 20814 USA"
10.2340,"Acta Dermato-Venereologica","Acta Dermato-Venereologica S:t Johannesgatan 22A Uppsala, SE-753 12 Sweden"
10.1515,"Walter de Gruyter GmbH","Genthiner Strabe13 Berlin, D-10785 Germany"
10.1081,"Informa UK (Marcel Dekker)","4 Park Square Milton Park, Abingdon, OXON OX14 4RN UK"
10.1083,"The Rockefeller University Press","1114 First Avenue 3rd floor New York, NY 10021-8325 USA"
10.1084,"The Rockefeller University Press","1114 First Avenue 3rd floor New York, NY 10021-8325 USA"
10.1085,"The Rockefeller University Press","1114 First Avenue 3rd floor New York, NY 10021-8325 USA"
10.1086,"The University of Chicago Press","1427 E 60th Street Chicago, IL 60637-2954 USA"
10.1089,"Mary Ann Liebert","140 Huguenot St. New Rochelle, NY 10801-5215 USA"
10.1090,"American Mathematical Society","201 Charles Street Providence, RI 02940 USA"
10.1091,"American Society for Cell Biology","8120 Woodmont Ave Suite 750 Bethesda, MD 20814-2762 USA"
10.3730,Portico,"100 Campus Drive Suite 100 Princeton, NJ 08540 USA"
10.1096,"Federation of American Society for Experimental Biology","9650 Rockville Pike Bethesda, MD 20814-3998 USA"
10.1098,"The Royal Society","6 Carlton House Terrace London, SWIY 5AG UK"
10.1101,"Cold Spring Harbor Laboratory Press","500 Sunnyside Blvd Woodbury, NY 11797 USA"
10.1103,"American Physical Society","1 Research Rd Attn: Robert Kelly Ridge, NY 11961-9000 USA"
10.1104,"American Society of Plant Biologists","15501 Monona Drive Rockville, MD 20855-2768 USA"
10.1106,"Sage Publications  - Technomic Publishing Company","2455 Teller Road Thousand Oaks, CA 91320 USA"
10.1107,"International Union of Crystallography","2 Abbey Sq Chester Cheshire, CH1 2HU UK"
10.1109,"Institute of Electrical and Electronics Engineers","445 Hoes Lane Piscataway, NJ 08855-1331 USA"
10.1115,"ASME International","Three Park Avenue New York, NY 10016-5990 USA"
10.1116,"American Vacuum Society",USA
10.1126,"American Association for the Advancement of Science","1200 New York Avenue NW Washington, DC 20005 USA"
10.1127,Schweizerbart,"Johannesstr 3A Stuttgart, D-70176 Germany"
10.1128,"American Society for Microbiology","1752 N Street NW Washington, DC 20036-2904 USA"
10.1130,"Geological Society of America","3300 Penrose Place PO Box 9140 Boulder, CO 80301-9140 USA"
10.1139,"Canadian Science Publishing","65 Auriga Drive Suite 203 Ottawa, ON K2E 7W6 Canada"
10.1680,"Thomas Telford Ltd.","40 Marsh Wall London, E14 9TP UK"
10.7567,"Japan Society of Applied Physics","2-31-22-5F Yushima, Bunkyo-ku Tokyo, 113-0034 Japan"
10.7566,"Physical Society of Japan","2-31-22-5F Yushima, Bunkyo-ku Tokyo, 113-0034 Japan"
10.1145,"Association for Computing Machinery","2 Penn Plaza, Suite 701 New York, NY 10121-0701 USA"
10.1146,"Annual Reviews","4139 El Camino Way Palo Alto, CA 94306 USA"
10.1151,"NIDA/RTI International","6110 Executive Blvd Suite 902 Rockville, MD 20850 USA"
10.1162,"MIT Press","55 Hayward St Cambridge, MA 02142-1315 USA"
10.50505,"CrossRef test prefix",
10.1175,"American Meteorological Society","45 Beacon Street Attn: Ken Heideman Boston, MA 02108 USA"
10.1180,"The Mineralogical Society","12 Baylis Mews Amyand Park Road Twickenham, Middlesex, TW1 3HQ UK"
10.1193,"Earthquake Engineering Research Institute","499 14th St. Oakland, CA 94612 USA"
10.1198,"Informa UK (American Statistical Association)","4 Park Square Milton Park, Abingdon, OXON OX14 4RN UK"
10.1202,,
10.1113,"Wiley Blackwell (Blackwell Publishing -The Physiological Society)","111 River Street Hoboken, NJ 07030 USA"
10.1166,"American Scientific Publishers","26650 The Old Road Valencia, CA 91381-0751 USA"
10.1182,"American Society of Hematology","2021 L Street NW Ste 900 Washington, DC 20036 USA"
10.1056,"New England Journal of Medicine","Mass Medical Society 860 Winter Street Waltham, MA 02451 USA"
10.1071,"CSIRO Publishing","150 Oxford Street PO Box 1139 Collingwood, VIC 3066 Australia"
10.1135,"Institute of Organic Chemistry & Biochemistry, Academy of Sciences of the Czech Republic","Flemingovo n. 2 Prague 6, 166 10 Czech Republic"
10.1161,"Ovid Technologies Wolters Kluwer -American Heart Association","Ovid Technologies 333 Seventh Ave., 20th fl New York, NY 10001 USA"
10.1164,"American Thoracic Society","25 Broadway 18th Floor New York, NY 10004-1012 USA"
10.1176,"American Psychiatric Publishing","1000 Wilson Blvd. Suite 1825 Arlington, VA 22209 USA"
10.1190,"Society of Exploration Geophysicists","8801 S. Yale Ave. Suite 500 Tulsa, OK 74137 USA"
10.1200,"American Society of Clinical Oncology","2318 Mill Rd. Suite 800 Alexandria, VA 22314 USA"
10.1216,"Rocky Mountain Mathematics Consortium",USA
10.1239,"Applied Probability Trust","School of Mathematics and Statistics University of Sheffield Sheffield, S3 7RH UK"
10.1245,"Springer - Society of Surgical Oncology","Van Godewijckstraat 30 Dordrecht, GX 3311 The Netherlands"
10.1261,"Cold Spring Harbor Laboratory Press","500 Sunnyside Blvd Woodbury, NY 11797 USA"
10.1172,"American Society for Clinical Investigation","35 Research Drive Ste 300 Ann Arbor, MI 48103 USA"
10.1099,"Society for General Microbiology","Charles Darwin House 12 Roger Street London, WC1N 2JU UK"
10.1241,"Japan Science and Technology Agency","5-3 Yonbancho Chiyoda-ku Tokyo, 102-0081 Japan"
10.1246,"The Chemical Society of Japan","c/o JST 5-3 Yonbancho Chiyoda-ku Tokyo, 102-0081 Japan"
10.1247,"Japan Society for Cell Biology","c/o JST 5-3 Yonbancho Chiyoda-ku Tokyo, 102-0081 Japan"
10.1248,"Pharmaceutical Society of Japan","c/o JST 5-3 Yonbancho Chiyoda-ku Tokyo, 102-0081 Japan"
10.1250,"Acoustical Society of Japan","c/o JST 5-3 Yonbancho Chiyoda-ku Tokyo, 102-0081 Japan"
10.1255,"IM Publications","6 Charlton Hill Charlton Chichester West Sussex, PO18 0HY UK"
10.1262,"Japanese Society of Animal Reproduction","c/o JST 5-3 Yonbancho Chiyoda-ku 102-0081 Japan"
10.1266,"The Genetics Society of Japan","c/o JST 5-3 Yonbancho Chiyoda-ku Tokyo, 102-0081 Japan"
10.5555,"CrossRef test user",
10.7,,
10.1267,"Japan Society of Histochemistry and Cytochemistry","c/o JST 5-3 Yonbancho Chiyoda-ku Tokyo, 102-0081 Japan"
10.1260,Multiscience,"5 Wates Way Brentwood Essex CM15 9TB UK"
10.1210,"The Endocrine Society","8401 Connecticut Ave., Ste 900 Chevy Chase, MD 20815-5817 USA"
10.1254,"The Japanese Pharmacological Society","c/o JST 5-3 Yonbancho Chiyoda-ku Tokyo, 102-0081 Japan"
10.1270,"Japanese Society of Breeding","c/o JST 5-3 Yonbancho Chiyoda-ku Tokyo, 102-0081 Japan"
10.1264,"Japanese Society of Microbial Ecology","c/o JST 5-3 Yonbancho Chiyoda-ku Tokyo, 102-0081 Japan"
10.1252,"The Society of Chemical Engineers Japan","c/o JST 5-3 Yonbancho Chiyoda-ku Tokyo, 102-0081 Japan"
10.1272,"The Medical Association of Nippon Medical School","c/o JST 5-3 Yonbancho Chiyoda-ku Tokyo, 102-0081 Japan"
10.1273,"Chem-Bio Informatics Society","c/o JST 5-3 Yonbancho Chiyoda-ku Tokyo, 102-0081 Japan"
10.1271,"Japan Society for Bioscience, Biotechnology, and Agrochemistry","JST 5-3 Yonbancho Chiyoda-ku Tokyo, 102-0081 Japan"
10.1192,"Royal College of Psychiatrists","17 Belgrave Square Mehmet Salaheddin London, SW1X 8PG UK"
10.1253,"The Japanese Circulation Society","c/o JST 5-3 Yonbancho Chiyoda-ku Tokyo, 102-0081 Japan"
10.1257,"American Economic Association","2014 Broadway, Suite 305 Nashville, TN 37203 USA"
10.1159,"S. Karger AG","Allshwilerstrasse 10 Attn: Mr. Hermann Vonlanthen Basel, CH-4009 Switzerland"
10.1026,"Hogrefe & Huber Publishing Group","Langgass-Strasse 76 CH-3000 Berne 9, Switzerland"
10.1027,"Hogrefe & Huber Publishing Group","Langgass-Strasse 76 CH-3000 Berne 9, Switzerland"
10.1185,"Informa UK (Librapharm)",
10.1289,"Environmental Health Perspectives","EC-15 NIEHS PO Box 12233 - Research Triangle Pk, NC 27709-2233 USA"
10.1560,"Laser Pages Publishing Ltd","PO Box 34299 Jerusalem, 91341 Israel"
10.1092,Metapress,"5724 Highway 280 E Birmingham, AL 35242 USA"
10.1506,"Wiley Blackwell (Canadian Academic Accounting Association)","111 River Street Hoboken, NJ 07030 USA"
10.1293,"The Japanese Society of Toxicologic Pathology","c/o JST 5-3 Yonbancho Chiyoda-ku Tokyo, 102-0081 Japan"
10.1292,"Japanese Society of Veterinary Science","c/o JST 5-3 Yonbancho Chiyoda-ku Tokyo, 102-0081 Japan"
10.1240,"Elsevier- Spektrum Akademischer Verlag","360 Park Ave South New York, NY 10010 USA"
10.1274,"BioOne (Japanese Society of Mammalian Ova Research)",Japan
10.1298,"Japanese Physical Therapy Association","c/o JST 5-3 Yonbancho Chiyoda-ku Tokyo, 102-0081 Japan"
10.1297,"The Japanese Society for Pediatric Endocrinology","c/o JST 5-3 Yonbancho Chiyoda-ku Tokyo, 102-0081 Japan"
10.1299,"The Japan Society of Mechanical Engineers","JST 5-3 Yonbancho Chiyoda-ku Tokyo, 102-0081 Japan"
10.2190,"Baywood Publishing","26 Austin Avenue Amityville, NY 11701 USA"
10.1194,"American Society for Biochemistry and Molecular Biology, Journal of Lipid Research","9650 Rockville Pike Bethesda, MD 20814 USA"
10.1024,"Hogrefe & Huber Publishing Group","Langgass-Strasse 76 CH-3000 Berne 9, Switzerland"
10.1294,"Japan Society of Equine Science","c/o JST 5-3 Yonbancho Chiyoda-ku Tokyo, 102-0081 Japan"
10.1187,"American Society for Cell Biology","8120 Woodmont Ave Suite 750 Bethesda, MD 20814-2762 USA"
10.1174,"Fundacion Infancia y Aprendizaje","C/ Naranjo de Bulnes 69 San Sebastian de los Reyes Madrid, 28707 Spain"
10.1242,"The Company of Biologists","140 Cowley Rd Bidder Bldg Cambridge, CB4 0DL UK"
10.1307,"Michigan Mathematical Journal",USA
10.4103,"Medknow Publications","A-109, Kanara Centre Off Link Rd., Ghatkopar Mumbai, 40075 India"
10.1215,"Duke University Press","905 West Main Street #18B Durham, NC 27701 USA"
10.1165,"American Thoracic Society","25 Broadway 18th Floor New York, NY 10004-1012 USA"
10.1309,"American Society for Clinical Pathology","33 West Monroe, Suite 1600 Chicago, IL 60603 USA"
10.1308,"The Royal College of Surgeons of England","35-43 Lincoln's Inn Fields London, WC2A 3PE UK"
10.1124,"American Society for Pharmacology & Experimental Therapeutics","9650 Rockville Pike Attn: Richard Dodenhoff Bethesda, MD 20814-3995 USA"
10.1287,"Institute for Operations Research and the Management Sciences","5521 Research Park Drive Suite 200 Catonsville, MD 21228 USA"
10.1346,"Clay Minerals Society","c/o Ingenta Oxford, UK"
10.1045,"Corporation for National Research Initiatives","none none none, none none USA"
10.1332,"The Policy Press","Oxford, UK"
10.1206,"BioOne (American Museum of Natural History)",
10.1167,"Association for Research in Vision and Opthalmology","1801 Rockville Pike Suite 400 Rockville, MD 20852 USA"
10.1345,"Harvey Whitney Books Co.","2455 Teller Road Thousand Oaks, CA 91320 USA"
10.1001,"American Medical Association","515 N. State Street Chicago, IL 60610 USA"
10.1350,"Vathek Publishing","Bridge House Dalby Isle of Man, IM5 3BP UK"
10.1189,"Society for Leukocyte Biology","9650 Rockville Pike Attn: Lynn Willis Bethesda, MD 20814 USA"
10.2106,"Journal of Bone and Joint Surgery","20 Pickering Street Needham, MA 02492-3157 USA"
10.1347,"Uitgeverij Boom","Prinsengracht 747 Amsterdam, 1017 JX The Netherlands"
10.1352,"American Association on Intellectual and Developmental Disabilities","501 3rd Street, NW, Suite 200 Washington, DC 20001-2760 USA"
10.1033,"EBSCO Publishing","P O Box 602 Attn: Accounts Payable Ipswich, MA 01938 USA"
10.2753,"M.E. Sharpe","80 Business Park Drive Armonk, NY 10504 USA"
10.1137,"Society for Industrial and Applied Mathematics","3600 Market St, 6th fl Philadelphia, PA 19104-2688 USA"
10.1378,"American College of Chest Physicians","3300 Dundee Rd Northbrook, IL 60062 USA"
10.1353,"Muse - Johns Hopkins University Press","2715 N. Charles St. Attn: Elizabeth Brown Baltimore, MD 21218 USA"
10.1380,"The Surface Science Society of Japan","c/o JST 5-3 Yonbancho Chiyoda-ku Tokyo, 102-0081 Japan"
10.1331,"American Pharmacists Association","2215 Constitution Avenue NW Washington, DC 20037 USA"
10.1362,"Westburn Publishers","23 Millig Street Helensburgh Argyll, G84 9LD Scotland"
10.1384,"The Surface Analysis Society of Japan","c/o JST 5-3 Yonbancho Chiyoda-ku Tokyo, 102-0081 Japan"
10.1160,"Schattauer GmbH","Holderlinstrasse 3 Stuttgart, D-70174 Germany"
10.1357,"Journal of Marine Research/Yale","Yale University Kline Lab, 210 Whitney Ave New Haven, CT 06520-8109 USA"
10.1355,"Institute of Southeast Asian Studies","30 Heng Mui Keng Terrace Singapore, 119614 Singapore"
10.1296,Techno-Press,"PO Box 33 Attn: MJ Kim Yusong 305-600, Daejeon Korea"
10.1370,"Annals of Family Medicine","11400 Tomahawk Creek Pkwy Leawood, KS 66211-2672 USA"
10.1208,"American Association of Pharmaceutical Scientists","2107 Wilson Blvd Suite 700 Arlington, VA 22201-3046 USA"
10.1300,"Informa UK (Haworth Press, Inc.,)","325 Chestnut Street, Suite 800 Philadelphia, PA 19106 USA"
10.9768,"IMDA Press","1201 Stonegate Rd. Hummelstown, PA 17036 USA"
10.1371,"Public Library of Science","1160 Battery Street Suite 100 San Francisco, CA 94111 USA"
10.1382,"Fibre Diffraction Review","Head, Biological Structure and Function Section, Biomedical Sciences Division Imperial College London London, SW7 2AZ UK"
10.1310,"Thomas Land Publishers, Inc.","255 Jefferson Rd St Louis, MO 63119 USA"
10.1508,"International Society of Cytology","c/o JST 5-3 Yonbancho Chiyoda-ku Tokyo, 102-0081 Japan"
10.1507,"The Japan Endocrine Society","c/o JST 5-3 Yonbancho Chiyoda-ku Tokyo, 102-0081 Japan"
10.1615,"Begell House Inc.","50 Cross Highway Redding, CT 06896-2404 USA"
10.4179,"New Labor Forum","Murphy Institute, CUNY 25 W. 43rd St., 14th Fl. New York, NY 10036 USA"
10.1386,Intellect,"The Mill, Parnall Road Fishponds - Bristol, BS16 3JG UK"
10.1366,"Society for Applied Spectroscopy","5320 Spectrum Drive, Suite C Attn: Bonnie Saylor Frederick, MD 21703 USA"
10.1521,"Guilford Publications","72 Spring Street New York, NY 10012 USA"
10.3982,"The Econometric Society","Department of Economics, NYU 19 West Fourth St., 6th Floor New York, NY 10012 USA"
10.1505,"Commonwealth Forestry Association","Crib, Dinchope Craven Arms Shropshire, SY7 9JJ UK"
10.1509,"American Marketing Association","311 South Wacker Drive Suite 5800 Chicago, IL 60606-2266 USA"
10.1511,"American Scientist","PO Box 13975 99 Alexander Drive Research Triangle Park, NC 27709 USA"
10.1249,"Ovid Technologies (Wolters-Kluwer) - American College of Sports Medicine","Ovid Technologies 333 Seventh Ave., 20th fl New York, NY 10001 USA"
10.1524,"Oldenbourg Wissenschaftsverlag","Rosenheimer Strasse 145 Munich, D-81671 Germany"
10.1377,"Project Hope","7500 Old Georgetown Rd Bethesda, MD 20814 USA"
10.1517,"Informa UK (Ashley Publications)",
10.1527,"The Japanese Society for Artificial Intelligence","c/o JST 5-3 Yonbancho Chiyoda-ku Tokyo, 102-0081 Japan"
10.1373,"American Association for Clinical Chemistry","1850 K Street, NW Suite 625 Washington, DC 20006 USA"
10.2217,"Future Medicine","Unitec House, 3rd Floor 2 Albert Place, Finchley Central London, N3 1QB UK"
10.1489,"The International Leprosy Association","1 Alm Way Greenville, SC 29601 USA"
10.1209,"IOP Publishing - Europhysics Letters","Temple Circus Temple Way Bristol, BS1 6BE UK"
10.1523,"Society for Neuroscience","1121 14th Street, NW Suite 1010 Washington, DC 20005 USA"
10.1513,"American Thoracic Society","25 Broadway 18th Floor New York, NY 10004-1012 USA"
10.1538,"Japanese Association for Laboratory Animal Science","c/o JST 5-3 Yonbancho Chiyoda-ku Tokyo, 102-0081 Japan"
10.1536,"International Heart Journal Association","c/o JST 5-3 Yonbancho Chiyoda-ku Tokyo, 102-0081 Japan"
10.1540,"Japan Society of Smooth Muscle Research","c/o JST 5-3 Yonbancho Chiyoda-ku Tokyo, 102-0081 Japan"
10.1530,Bioscientifica,"Euro House 22 Apex Court, Woodlands Bradley Stoke, Bristol, BS32 4JT UK"
10.1152,"American Physiological Society","9650 Rockville Pike Bethesda, MD 20814-3991 USA"
10.3098,"Agricultural History Society","Mississippi State Univ. Dept. of History, PO Box H Mississippi State, MS 39762 USA"
10.1525,"University of California Press","2000 Center Street Suite 303 Berkeley, CA 94704 USA"
10.1537,"Anthropological Society of Nippon","c/o JST 5-3 Yonbancho Chiyoda-ku Tokyo, 102-0081 Japan"
10.4104,"Primary Care Respiratory Society UK","Smithy House Waterbeck Lockerbie, DG1 3EY UK"
10.1199,"American Society of Plant Biologists","15501 Monona Drive Rockville, MD 20855-2768 USA"
10.1563,"American Academy of Implant Dentistry","c/o Allen Press 810 E 10th St Lawrence, KS 66044 USA"
10.1585,"Japan Society of Plasma Science and Nuclear Fusion Research","c/o JST 5-3 Yonbancho Chiyoda-ku Tokyo, 102-0081 Japan"
10.1584,"Pesticide Science Society of Japan","c/o JST 5-3 Yonbancho Chiyoda-ku Tokyo, 102-0081 Japan"
10.1532,"Carden Jennings Publishing Co.","375 Greenbriar Drive Suite 100 Charlottesville, VA 22901 USA"
10.1539,"Japan Society for Occupational Health","c/o JST 5-3 Yonbancho Chiyoda-ku Tokyo, 102-0081 Japan"
10.1600,"American Society of Plant Taxonomists","Department of Botany University of Wyoming Laramie, WY 82071-3165 USA"
10.1541,"Institute Electrical Engineers Japan","c/o JST 5-3 Yonbancho Chiyoda-ku Tokyo, 102-0081 Japan"
10.1387,"UBC Press","(University of the Basque Country Press, (The International Journal of Developmental Biology) Servicio Editorial, Edificio de la Biblioteca, Campus de Leioa Leioa, Vizcaya E-48940 Spain"
10.1588,"Pearblossom Private School","P.O. Box 847 Pearblossom, CA 93553 USA"
10.1589,"The Society of Physical Therapy Science","c/o JST 5-3 Yonbancho Chiyoda-ku Tokyo, 102-0081 Japan"
10.1364,"Optical Society of America","2010 Massachusetts Ave, NW NW Washington, DC 20036-1023 USA"
10.1587,"Institute of Electronics, Information and Communications Engineers","c/o JST 5-3 Yonbancho Chiyoda-ku Tokyo, 102-0081 Japan"
10.1303,"Japanese Society of Applied Entomology & Zoology","c/o JST 5-3 Yonbancho Chiyoda-ku Tokyo, 102-0081 Japan"
10.1578,"Aquatic Mammals Journal","222 Wolf Neck Road Stonington, CT 06378 USA"
10.1519,"Ovid Technologies (Wolters Kluwer) - National Strength & Conditioning","Ovid Technologies 333 Seventh Ave., 20th fl New York, NY 10001 USA"
10.1558,"Equinox Publishing","3 Lancaster Street Unit S3, Kelham House Sheffield, S3 8AF UK"
10.1597,"American Cleft Palate Association","c/o Allen Press 810 E 10th Street Lawrence, KS 66044 USA"
10.1583,"International Society of Endovascular Specialists","c/o Allen Press 810 E 10th St Lawrence, KS 66044 USA"
10.1618,"Japanese Society of Human-Environment","c/o JST 5-3 Yonbanchu Chiyoda-ku Tokyo, 102-0081 Japan"
10.1620,"Tohoku University Medical Press","c/o JST 5-3 Yonbanchu Chiyoda-ku Tokyo, 102-0081 Japan"
10.1619,"Mathematical Society of Japan","c/o JST 5-3 Yonbanchu Chiyoda-ku Tokyo, 102-0081 Japan"
10.1503,"Canadian Medical Association","1867 Alta Vista Drive Attn: Glenda Proctor Ottawa, ON K1G 3Y6 Canada"
10.2501,"World Advertising Research Center","Finance Department 1 Ivory Square, Plantation Warf Battersea, London, SW11 3UE UK"
10.1520,"ASTM International","100 Barr Harbor Drive PO Box C700 W. Conshohoken, PA 19428-2959 USA"
10.1577,"American Fisheries Society","5410 Grosvenor Lane Suite 110 Bethesda, MD 20814 USA"
10.3145,"El Profesional de la Informacion","P.O. Box 32280 Barcelona, 08080 Spain"
10.1591,"Competence Network Pediatric Oncology & Hematology","Charite - University Medicine, Berlin Augustenburger Platz 1 Berlin, D-13353 Germany"
10.1628,"Mohr Siebeck","Wilhelmstrasse 18 Tubingen, D-72074 Germany"
10.1625,"Japanese Society for Complementary & Alternative Medicine","c/o JST 5-3 Yonbancho Chiyoda-ku Tokyo, 102-0081 Japan"
10.1626,"Crop Science Society of Japan","c/o JST 5-3 Yonbanchu Chiyoda-ku Tokyo, 102-0081 Japan"
10.1627,"Japan Petroleum Institute","c/o JST 5-3 Yonbancho Chiyoda-ku Tokyo, 102-0081 Japan"
10.1581,"Wiley Blackwell (Robotic Publications)","111 River Street Hoboken, NJ 07030 USA"
10.1029,"American Geophysical Union","2000 Florida Ave NW Washington, DC 20009 USA"
10.1891,"Springer Publishing Company","11 West 42nd Street 15th floor New York, NY 10036-8002 USA"
10.1679,"International Society Histology & Cytology","c/o JST 5-3 Yonbancho Chiyoda-ku Tokyo, 102-0081 Japan"
10.1678,"Society of Rheology Japan","c/o JSt 5-3 Yonbancho Chiyoda-ku Tokyo, 102-0081 Japan"
10.1617,"Springer - RILEM Publishing","Van Godewijckstraat 30 Dordrecht, GX 3311 The Netherlands"
10.1213,"Ovid Technologies (Wolters Kluwer)  - Anesthesia & Analgesia","Ovid Technologies 333 Seventh Ave., 20th fl New York, NY 10001 USA"
10.1227,"Ovid Technologies (Wolters Kluwer)  - Neurosurgery","Ovid Technologies 333 Seventh Ave., 20th fl New York, NY 10001 USA"
10.1595,"Johnson Matthey","Orchard Road Royston, Herts SG8 5HE UK"
10.1534,"The Genetics Society of America","9650 Rockville Pike Bethesda, MD 20814-3998 USA"
10.1590,SciELO,"FAP-UNIFESP Rua Machado Bittencourt, 430 Sao Paolo, 04044-001 Brazil"
10.1542,"American Academy of Pediatrics","141 Northwest Point Blvd Elk Grove Village, IL 60007-1098 USA"
10.1784,"British Institute of Non-Destructive Testing","Newton Building St. George's Avenue Northampton, NN2 6JB UK"
10.1634,"Alphamed Press","318 Blackwell St. Ste. 260 Durham, NC 27701 USA"
10.1363,"Alan Guttmacher Institute","125 Maiden Lane 7th Floor New York, NY 10038 USA"
10.1900,"Society for Biomedical Diabetes Research","Gneisenaustr. 86 Room 103 Duisburg, D-47057 Germany"
10.2108,"BioOne (Zoological Society of Japan)",Japan
10.1681,"American Society of Nephrology","1510 H Street, NW #800 Washington, DC 20005 USA"
10.2117,"Psychologia Society","c/o JST 5-3 Yonbancho Chiyoda-ku Tokyo, 102-0081 Japan"
10.1095,"Society for the Study of Reproduction","1619 Monroe St Madison, WI 53711-2063 USA"
10.1629,UKSG,"Hilltop Heath End Newbury, RE200AP UK"
10.2130,"Japanese Group Dynamics Association","c/o JST 5-3 Yonbancho Chiyoda-ku Tokyo, 102-0081 Japan"
10.2116,"Japan Society for Analytical Chemistry","c/o JST 5-3 Yonbancho Chiyoda-ku Tokyo, 102-0081 Japan"
10.1504,"Inderscience Enterprises Ltd.","World Trade Center Building 29 Route de Pre-Bois, Case postale 896 Geneva 15, CH-1215 Switzerland"
10.1682,"Journal of Rehabilitation Research & Development","103 S Gay Street Baltimore, MD 21202 USA"
10.2133,"Japanese Society for the Study of Xenobiotics","c/o JST 5-3 Yonbancho Chiyoda-ku Tokyo, 102-0081 Japan"
10.2131,"Japanese Society of Toxicology","c/o JST 5-3 Yonbancho Chiyoda-ku Tokyo, 102-0081 Japan"
10.2114,"Japan Society of Physiological Anthropology","c/o JST 5-3 Yonbancho Chiyoda-ku Tokyo, 102-0081 Japan"
10.2118,"Society of Petroleum Engineers","222 Palisades Creek Dr Richardson, TX 75080-2040 USA"
10.2104,"Monash University","Monash University Bldg 4 Wellington Rd Clayton, VIC 3800 Australia"
10.2141,"Japan Poultry Science Association","c/o JST 5-3 Yonbancho Chiyoda-ku Tokyo, 102-0081 Japan"
10.2149,"Japanese Society of Tropical Medicine","c/o JST 5-3 Yonbancho Chiyoda-ku Tokyo, 102-0081 Japan"
10.2119,"North Shore LIJ Research Institute","350 Community Drive Monhasset, NY 11030 USA"
10.2148,"Alexandrine Press","1 The Farthings Marcham, Oxon OX13 6QD UK"
10.2150,"Illuminating Engineering Society of Japan","c/o JST 5-3 Yonbancho Chiyoda-ku Tokyo, 102-0081 Japan"
10.1383,"Elsevier - Medicine Publishing Company","360 Park Ave South New York, NY 10010 USA"
10.1385,"Springer - Humana Press","Van Godewijckstraat 30 Dordrecht, GX 3311 The Netherlands"
10.2152,"University of Tokushima Faculty of Medicine","c/o JST 5-3 Yonbancho Chiyoda-ku Tokyo, 102-0081 Japan"
10.2151,"Meteorological Society of Japan","c/o JST 5-3 Yonbancho Chiyoda-ku Tokyo, 102-0081 Japan"
10.2115,"Society of Fiber Science & Technology Japan","c/o JST 5-3 Yonbanchu Chiyoda-ku Tokyo, 102-0081 Japan"
10.1351,"International Union of Pure and Applied Chemistry","PO Box 13757 Research Triangle Park, NC 27709-3757 USA"
10.1616,,
10.1644,"BioOne (American Society of Mammalogists)",
10.2105,,
10.2142,"Biophysical Society of Japan","c/o JST 5-3 Yonbancho Chiyoda-ku Tokyo, 102-0081 Japan"
10.1586,,
10.2109,"Ceramic Society of Japan","c/o JST 5-3 Yonbanchu Chiyoda-ku Tokyo, 102-0081 Japan"
10.1302,,
10.1358,"Thomson Reuters (Prous Science)","Provenza 388 08025 Barcelona, Spain"
10.1902,,
10.2132,"Japan Society of Personality Psychology","c/o JST 5-3 Yonbancho Chiyoda-ku Tokyo, 102-0081 Japan"
10.2171,,
10.2168,,
10.2111,,
10.2170,,
10.2169,"Japanese Society of Internal Medicine","c/o JST 5-3 Yonbancho Chiyoda-ku Tokyo, 102-0081 Japan"
10.2176,,
10.2177,,
10.1512,"Indiana University Mathematics Journal","831 E 3rd Street Rawles Hall 115 Indiana University Bloomington, IN 47405-7106 USA"
10.1535,"Intel Corp","2200 Mission College Blvd Santa Clara, CA 95054 USA"
10.2143,,
10.2174,"Bentham Science","Executive Suite Y-26 P.O. Box 7917, Saif Zone Sharjah, United Arab Emirates"
10.2178,,
10.1557,"Cambridge University Press (Materials Research Society)","The Edinburgh Bldg Shaftesbury Rd Cambridge, CB2 2RU UK"
10.3724,,
10.2138,"Mineralogical Society of America","4220 King St Alexandria, VA 22302-1502 USA"
10.2113,,
10.1144,"Geological Society of London","Brassmill Lane, Enterprise Center Unit 7 Bath, BA1 3JN UK"
10.1785,,
10.1100,,
10.2188,"Japan Epidemiological Association","c/o JST 5-3 Yonbancho Chiyoda-ku Tokyo, 102-0081 Japan"
10.2198,,
10.2199,"Japan Society for Clinical Anesthesia","C/O JST 5-3 Yonbancho Chiyoda-Ku Tokyo, 102-0081 Japan"
10.2197,"Information Processing Society of Japan","C/O JST 5-3 Yonbancho Chiyoda-Ku Tokyo, 102-0081 Japan"
10.2185,"The Japanese Association of Rural Medicine","c/o JST 5-3 Yonbancho Chiyoda-ku Tokyo, 102-0081 Japan"
10.2147,"Dove Medical Press","P.O. Box 300-008 Albany Auckland, New Zealand"
10.2110,"Society for Sedimentary Geology","4111 South Darlington Suite 100 Tulsa, OK 74135 USA"
10.2195,"Fraunhofer-Institut fur Materialfluss und Logistik","Joseph von Fraunhofer Str 2-4 Dortmund, 44227 Germany"
10.1893,"BioOne (Beta Beta Biological Society)",
10.2179,"BioOne (Castanea)",
10.1899,"BioOne (Society for Freshwater Science)",
10.1898,"BioOne (Northwestern Naturalist)",
10.1894,"BioOne (Southwestern Association of Naturalists)",
10.2187,"Japanese Society for Biological Sciences in Space","c/o JST 5-3 Yonbancho Chiyoda-ku Tokyo, 102-0081 Japan"
10.5935,"GN1 Genesis Network","Rua Getulio Vargas, 501 Sala 13, 2 Andar - Centro Sao Joao da Boa Vista, SP CEP 13870-100 Brazil"
10.2196,"JMIR Publications Inc.","59 Winners Circle Toronto, ON M4L3Y7 Canada"
10.2192,"BioOne (Ursus)",
10.2112,"BioOne (Coastal Education and Research Foundation)",
10.5581,"Revista Brasileira de Hematologia e Hemoterapia","Rua Catarina Nucci Parise 760 Sao Jose de Rio Presto, SP CEP 15090 Brazil"
10.2186,"Japan Prosthodontic Society","5-3 Yonbancho Chiyoda-ku Tokyo, 102-0081 Japan"
10.2181,"BioOne (JANAS)",
10.4322,"Editora Cubo Multimidia","Rua Marechal Deodoro 2709 Sao Carlos, SP CEP 13560-201 Brazil"
10.5325,"The Pennsylvania State University Press","820 North University Dr. USB 1, Suite C University Park, PA 16802 USA"
10.5250,"University of Nebraska Press","1111 Lincoln Mall Lincoln, NE 68588-0630 USA"
10.3138,"University of Toronto Press Inc","5201 Dufferin St. North York, ON M3H 5T8 Canada"
10.2984,"BioOne (Pacific Science)",
10.5749,"University of Minnesota Press","111 Third Ave. S. Ste. 290 Minneapolis, MN 55401 USA"
10.3378,"BioOne (Human Biology, The International Journal of Population Biology and Genetics)",
10.2136,"Soil Science Society of America","5585 Guilford Rd. Madison, WI 53711 USA"
10.2135,"Crop Science Society of America","5585 Guilford Rd. Madison, WI 53711 USA"
10.2972,"The American School of Classical Studies at Athens","6-8 Charlton Street Princeton, NJ 08540-5232 USA"
10.2206,"Faculty of Mathematics, Kyushu University","c/o JST 5-3 Yonbancho Chiyoda-ku Tokyo, 102-0081 Japan"
10.2208,"Japan Society of Civil Engineers","5-3 Yonbanchu, Chiyoda-ku Tokyo, 102-0081 Japan"
10.2201,"National Institute of Informatics","National Center of Sciences Building 2-1-2 Hitotsubashi, Chiyoda-ku Tokyo, Tokyo 101-8430 Japan"
10.2979,"Indiana University Press","601 N. Morton St. Bloomington, IN 47404 USA"
10.1582,"Illuminating Engineering Society of North America","120 Wall Street 17th Floor New York, NY 10005 USA"
10.2221,"Cryogenic Association of Japan","c/o JST 5-3 Yonbancho Chiyoda-ku Tokyo, 102-0081 Japan"
10.2137,"MTT Agrifood Research Finland","FIN-31600 Jokioinen, Finland"
10.2140,"Mathematical Sciences Publishers","Mathematical Sciences Publishers University of California, 795 Evans Hall #3840 Berkley, CA 94720-3840 USA"
10.2173,"Cornell Lab of Ornithology","159 Sapsucker Woods Rd Ithaca, NY 14850 USA"
10.2298,"National Library of Serbia","Skerliceva 1 Belgrade, 11000 Serbia"
10.1666,"BioOne (Paleontological Society)",
10.2219,"Railway Technical Research Institute","c/o JST 5-3 Yonbancho Chiyoda-ku Tokyo, 102-0081 Japan"
10.2212,"Stewart Postharvest Solutions","54 Harrison Close Reigate, Surrey RH2 7HU UK"
10.2223,"Jornal de Pediatra/FSBP","Av. Carlos Gomes, 328/305 Porto Alegre, RS 90480-000 Brazil"
10.2299,"Research Institute of Signal Processing","c/o JST 5-3 Yonbanchu Chiyoda-ku Tokyo, 102-0081 Japan"
10.2302,"The Keio Journal of Medicine","c/o JST 5-3 Yonbanchu Chiyoda-ku Tokyo, 102-0081 Japan"
10.2222,"The Japanese Association for Virology","c/o JST 5-3 Yonbancho Chiyoda-ku Tokyo, 102-0081 Japan"
10.2300,"The Acarological Society of Japan","JST 5-3 Yonbanchu Chiyoda-ku Tokyo, 102-0081 Japan"
10.1349,"Dartmouth College Library Press","6025 Baker/Berry Dartmouth College Hanover, NH 03755 USA"
10.2301,"The Japan Academy of Neurosonology","c/o JST 5-3 Yonbanchu Chiyoda-ku Tokyo, 102-0081 Japan"
10.1079,"CABI Publishing","CAB International Attn: Andrea Powell Nosworthy Way, Wallingford Oxon, OX1O 8DE UK"
10.2209,"Tokyo Dental College","c/o JST 5-3 Yonbancho Chiyoda-ku Tokyo, 102-0081 Japan"
10.1895,WormBook,"Caltech 156-29 Pasadena, CA 91125 USA"
10.2220,"Biomedical Research Press","c/o JST 5-3 Yonbancho Chiyoda-ku Tokyo, 102-0081 Japan"
10.2207,"Japan Welding Society","c/o JST 5-3 Yonbancho Chiyoda-ku Tokyo, 102-0081 Japan"
10.2306,"Science Society of Thailand","Rama IV Rd. Bangkok, 10400 Thailand"
10.2316,"ACTA Press","Building B6, Suite #101 2509 Dieppe Avenue SW Calgary, AB T3E 7J9 Canada"
10.2225,"Pontificia Universidad Catolica de Valparaiso","Avenida Brasil 2950 Valparaiso, Chile"
10.1212,"Ovid Technologies (Wolters Kluwer) - American Academy of Neurology","Ovid Technologies 333 Seventh Ave., 20th fl New York, NY 10001 USA"
10.1561,"Now Publishers","146 Pleasant St Hanover, MA 02339 USA"
10.3762,Beilstein-Institut,"Trakehner Strasse 7-9 Frankfurt am Main, D-60487 Germany"
10.1158,"American Association for Cancer Research","615 Chestnut Street 17th floor Philadelphia, PA 19106-4404 USA"
10.2304,"Symposium Journals","P.O. Box 204 Didcot, Oxford, OX11 9ZQ UK"
10.2204,"Integrated Ocean Drilling Program - Management International","CRIS Bldg. Rm 05-101, Hokkaido University N21 W10 Kita-ku Sapporo, Sapporo 001-0021 Japan"
10.2323,"The Microbiology Research Foundation",Japan
10.2324,"The Society of Rubber Industry",Japan
10.2336,"Western Japan Division of JDA",Japan
10.2322,"Japan Society for Aeronautical and Space Sciences",Japan
10.2328,"Japan Society for Natural Disaster Science",Japan
10.2333,"The Behaviormetric Society of Japan",Japan
10.2329,"The Japanese Society of Periodontology",Japan
10.2342,"Yamaguchi University Medical Association",Japan
10.2327,"Japanese Society of Veterinary Anesthesia and Surgery",Japan
10.2326,"BioOne (Ornithological Society of Japan)",
10.2331,"The Japanese Society of Fisheries Science",Japan
10.2330,"Japanese Association for Oral Biology",Japan
10.2320,"The Japan Institute of Metals",Japan
10.2335,"The Japanese Society on Surgery for Cerebral Stroke",Japan
10.2215,"American Society of Nephrology","1510 H Street, NW #800 Washington, DC 20005 USA"
10.2146,"American Society of Health System Pharmacists","7272 Wisconsin Ave Bethesda, MD 20814 USA"
10.2354,"Primate Society of Japan",Japan
10.1632,"Modern Language Association","26 Broadway 3rd floor New York, NY 10004-1789 USA"
10.1555,"Mars Informatics","961 Wellesley Ave Los Angeles, CA 90049 USA"
10.2214,"American Roentgen Ray Society","44211 Slatestone Ct Leesburg, VA 20176 USA"
10.2334,"Nihon University School of Dentistry",Japan
10.1631,"Journal of Zhejiang University Science","20 Yugu Rd. Journal of Zhejiang University SCIENCE Hangzhou, 310027 China"
10.2205,"Geophysical Center of the Russian Academy of Sciences","3 Molodezhnaya Str. Moscow, 117296 Russia"
10.2321,"Intellectual Property Association of Japan",Japan
10.2463,"Japanese Society for Magnetic Resonance in Medicine",Japan
10.2349,"Department of Biomedical Imaging, University of Malaya","Department of Biomedical Imaging University of Malaya Kuala Lumpur, 50603 Malaysia"
10.2465,"Japan Association of Mineralogical Sciences",Japan
10.2153,"Historic Brass Society","148 W 23rd St #5F New York, NY 10011 USA"
10.2460,"American Veterinary Medical Association","1931 N. Meacham Rd. Schaumburg, IL 60173-4360 USA"
10.2183,"The Japan Academy","c/o JST 5-3 Yonbancho Chiyoda-ku Tokyo, 102-0081 Japan"
10.2466,"Ammons Scientific","PO BOX 9229 Missoula, MT 59807 USA"
10.2339,"Technical Education Faculty Gazi University","Technical Education Faculty Journal of Polytechnich Gazi University - 06500 Besevler Ankara, Turkey"
10.2471,"WHO Press","20 Ave Appia 1211 Geneva 27, Switzerland"
10.1621,"Nuclear Receptor Signaling Atlas","Room M620 Baylor College of Medicine Houston, TX 77030 USA"
10.2481,CODATA,Japan
10.2480,"The Society of Agricultural Meteorology of Japan",Japan
10.2165,"Ovid Technologies (Wolters-Kluwer) - Adis","Ovid Technologies 333 Seventh Ave., 20th fl New York, NY 10001 USA"
10.1188,"Oncology Nursing Society","125 Enterprise Drive Pittsburgh, PA 15275 USA"
10.2477,"Society of Computer Chemistry, Japan",Japan
10.2355,"The Iron and Steel Institute of Japan",Japan
10.2488,"The Japan Wood Research Society",Japan
10.2479,"Japanese Society of Sciences in Swimming and Water Exercise",Japan
10.2184,"The Laser Society of Japan","c/o JST 5-3 Yonbancho Chiyoda-ku Tokyo, 102-0081 Japan"
10.2478,"Versita Sp. z.o.o.","Bogumila Zuga 32A Str. Warsaw, 01-811 Poland"
10.2492,"The Japanese Society of Inflammation and Regeneration",Japan
10.2494,"The Technical Association of Photopolymers, Japan",Japan
10.2468,"Japan Broncho-esophagological Society",Japan
10.2469,"CFA Institute","560 Ray C. Hunt Dr. Charlottesville, VA 22903 USA"
10.2503,"The Japanese Society for Horticultural Science",Japan
10.2464,"Japan Institute of Light Metals",Japan
10.2496,"Japan Society for Higher Brain Dysfunction",Japan
10.2476,"Arachnological Society of Japan",Japan
10.2498,"University of Zagreb","J. Marohnica 5 1000 Zagreb, Croatia"
10.5210,"University of Illinois Libraries","University Library (MC234) 801 S. Morgan St. Chicago, IL 60607-741 USA"
10.2343,"The Geochemical Society of Japan",Japan
10.2486,"National Institute of Industrial Health",Japan
10.2517,"BioOne (Paleontological Society of Japan)",
10.2467,"Meteorological Research Institute, Japan Meteorological Agency",Japan
10.2337,"American Diabetes Association","1701 N. Beauregard St. Alexandria, VA 22311 USA"
10.2512,"Japanese Society for Palliative Medicine",Japan
10.2490,"The Japanese Association of Rehabilitation Medicine",Japan
10.2507,"Daaam International","Tu-Wien Karlsplatz13/311 Vienna, A-1040 Austria"
10.2462,"EPP Publications","6 Eastbourne Road London, W4 3EB UK"
10.5465,"The Academy of Management","235 Elm Road Briarcliff Manor, NY 10510 USA"
10.3102,"American Educational Research Association","1430 K Street Suite 1200 Washington, DC 20036 USA"
10.2472,"The Society of Materials Science Japan",Japan
10.5612,"Association for Slavic, East European, and Eurasian Studies","203 C Bellefield Hall University of Pittsburgh Pittsburgh, PA 15260 USA"
10.3417,"BioOne (Missouri Botanical Garden Press)",
10.7183,"Society for American Archaeology","1111 14th Street NW #800 Washington, D.C. 20005 USA"
10.3732,"Botanical Society of America","PO Box 299 St. Louis, MO 63166-0299 USA"
10.5305,"American Society of International Law","2223 Massachusetts Ave. NW Washington DC, 20008 USA"
10.5406,"University of Illinois Press","1325 S. Oak St. Champaign, IL 61820 USA"
10.4169,"Mathematical Association of America","1529 18th Street NW Washington, D.C. 20036 USA"
10.4007,"Annals of Mathematics, Princeton U","Department of Mathematics Fine Hall - Washington Rd. Princeton, NJ 08544 USA"
10.5129,"Comparative Politics","365 Fifth Ave. New York, NY 10016-4309 USA"
10.1890,"Ecological Society of America","127 W State St Suite 301 Ithaca, NY 14850-5427 USA"
10.5951,"National Council of Teachers of Mathematics","1906 Association Dr. Reston, VA 20191 USA"
10.5615,"The American Schools of Oriental Research","656 Beacon St. Fifth Floor Boston, MA 02215 USA"
10.1670,"BioOne (Society for the Study of Amphibians & Reptiles)",
10.7709,"Journal of Negro Education","2900 Van Ness St. NW Holy Cross Hall #116 Washington DC, 20059 USA"
10.5509,"Pacific Affairs","#376 - 1855 West Mall Vancouver, BC V6T 1Z2 Canada"
10.4284,"Southern Economic Association","313 Fletcher Hall, Dept 6106 615 McCallie Ave. Chattanooga, TN 37403 USA"
10.5921,"The International Council for Traditional Music","Askerceva 2 Ljubljana, 1000 Slovenia"
10.3150,"Bernoulli Society for Mathematical Statistics and Probability",
10.3917,CAIRN,"58/60 rue des Champs Liege, B-4020 Belgium"
10.5323,"Association for the Study of African American Life and History","The Howard Center 2225 Georgia Avenue, NW, Suite 331 Washington, DC 20059 USA"
10.1639,"BioOne (American Bryological and Lichenological Society)",
10.1643,"BioOne (American Society of Icthyologists and Herpetologists)",
10.1640,"BioOne (American Fern Society)",
10.1655,"BioOne (Herpetologists League)",
10.1637,"BioOne (American Association of Avian Pathologists)",
10.1657,"BioOne (Institute of Arctic and Alpine Research)",
10.1044,"American Speech-Language-Hearing Association","2200 Research Boulevard Rockville, MD 20850-3289 USA"
10.2473,"The Mining and Materials Processing Institute of Japan",Japan
10.2502,"The Japanese Society for Animal Psychology",Japan
10.2525,"Japanese Society of Agricultural, Biological and Environmental Engineers and Scientists",Japan
10.2200,"Morgan & Claypool","40 Oak View Drive San Rafael, CA 94903 USA"
10.2487,"Muse - English Literature in Transition","English Dept. U of North Carolina P.O. Box 26170 Greensboro, NC 27402-6170 USA"
10.2528,"The Electromagnetics Academy (EMW Publishing)","77 Massachusetts Ave. Office 26-305 Cambridge, MA 02139 USA"
10.2497,"Japan Society of Powder and Powder Metallurgy",Japan
10.2482,"The Japan Lung Cancer Society",Japan
10.2491,"The Japanese Society on Thrombosis and Hemostasis",Japan
10.2508,"Japanese Society of Animal Science",Japan
10.2224,"Scientific Journal Publishers","P.O. Box 1539 Palmerston North, New Zealand"
10.2531,"Japanese Society of Spinal Surgery",Japan
10.2484,"Radiology Case Reports U of Washington","UW Roosevelt Radiology 4245 Roosevelt Way NE Seattle, WA 98105 USA"
10.2520,"Japanese Association of Mycotoxicology",Japan
10.3366,"Edinburgh University Press","22 George Square Edinburgh, EH8 9LF UK"
10.2510,"The Commonwealth Fund","1 East 75th St. New York, NY 10021 USA"
10.3129,"Canadian Opthalmological Society","610-1525 Carling Avenue Ottawa, ON K1Z 8R9 Canada"
10.2352,"Society for Imaging Science & Technology","7003 Kilworth Lane Springfield, VA 22151 USA"
10.2351,"Laser Institute of America","13501 Ingenuity Drive Suite 128 Orlando, FL 32826 USA"
10.2346,"The Tire Society","Third Eye Group 2851 Parker Rd. Suite 560 Aurora, CO 80231 USA"
10.2514,"American Institute of Aeronautics and Astronautics","1801 Alexander Bell Drive Reston, VA 20191 USA"
10.5131,"American Journal of Comparative Law","University of Michigan 625 S. State St. Rm 831 LR Ann Arbor, MI 48109 USA"
10.2511,TASH,"1001 Connecticut Avenue, NW Suite 235 Washington, D.C. 20036 USA"
10.3406,"PERSEE Program","Persee Program, PRES Universite de Lyon Caserne Sergent Blandan, 37 rue du repos Lyon, CEDEX 07 69361 France"
10.2203,"International Dose-Response Society","School of Public Health U Mass Morrill 1 N 344 Amherst, MA 01003 USA"
10.5728,"Cornell SEAP","95 Brown Road Box 1004 Ithaca, NY 14850 USA"
10.2533,"Swiss Chemical Society","Attn: Roland W. Kunz, Institute of Organic Chemistry Winterthurerstrasse 190 Zurich, CH-8057 Switzerland"
10.2475,"American Journal of Science","Yale University P.O. Box 208109 New Haven, CT 06520-8109 USA"
10.2526,"Japan Society of Electrical Machining Engineers",Japan
10.1635,"BioOne (Academy of Natural Sciences of Philadelphia)",
10.2529,"The Electromagnetics Academy (Piers Enterprises)","77 Massachusetts Avenue Office 26-305 Cambridge, MA 02139 USA"
10.1674,"BioOne (University of Notre Dame)",
10.2495,WITPress,"Ashurst Lodge Ashurst Southampton, S0407AA UK"
10.1603,"BioOne (Entomological Society of America)",USA
10.1668,"BioOne (Society for Integrative and Comparative Biology)",
10.2521,"Japanese Society of Water Treatment Biology",Japan
10.1649,"BioOne (Coleopterists Society)",
10.1653,"BioOne (Florida Entomological Society)",
10.2751,"The Division of Chemical Information and Computer Sciences, Chemical Society of Japan",Japan
10.1660,"BioOne (Kansas Academy of Science)",
10.1645,"BioOne (American Society of Parasitologists)",
10.1614,"BioOne (Weed Science Society of America)","c/o BioOne 21 Dupont Circle NW Ste 800 Washington, DC 20036 USA"
10.1664,"BioOne (New York Entomological Society)",
10.1667,"BioOne (Radiation Research Society)",
10.1636,"BioOne (American Arachnological Society)",
10.1676,"BioOne (Wilson Ornithological Society)",
10.1659,"BioOne (International Mountain Society and United Nations University)",
10.1672,"BioOne (Society of Wetland Scientists)",
10.1665,"BioOne (Orthopterist's Society)",
10.1638,"BioOne (American Association of Zoo Veterinarians)",
10.1647,"BioOne (Association of Avian Veterinarians)",
10.1656,"BioOne (Humboldt Field Research Institute)",
10.1675,"BioOne (Waterbird Society)",
10.1654,"BioOne (Helminthological Society of Washington)",
10.2317,"Kansas Entomological Society",
10.2749,"International Association for Bridge and Structural Engineering","ETH Honggerberg HIL E21.3 Zurich, 8093 Switzerland"
10.2524,"Japan Technical Association of the Pulp and Paper Industry",Japan
10.2742,"California Institute for Human Science","701 Garden View Court Encinitas, CA 92024 USA"
10.2740,"The Japanese Association for the Integrated Study of Dietary Habits",Japan
10.2527,"American Society of Animal Science","1800 South Oak Street Suite 100 Champaign, IL 61820 USA"
10.2738,"The Higher Education Electronic & Audio-Video Press","No. 4 De Wai Street Xicheng District Beijing, China"
10.2739,"The Kurume Medical Journal",Japan
10.2752,"Bloomsbury Academic (Oxford International Publishers Ltd)","50 Bedford Square London, WC1B 3DP UK"
10.2500,"Oceanside Publications","95 Pitman St. Providence, RI 02906 USA"
10.2535,"Department of Anatomy Keio University School of Medicine",Japan
10.2745,"Japan Society of Drug Delivery System",Japan
10.2519,"Journal of Orthopaedic & Sports Physical Therapy","1111 North Fairfax Street Suite 100 Alexandria, VA 22314-1436 USA"
10.2736,"Japanese Society of Veterinary Dermatology",Japan
10.2743,"The Japan Society of Veterinary Epidemiology",Japan
10.2474,"Japanese Society of Tribologists",Japan
10.2506,"Indiana University Center for Genomics and Bioinformatics","400 E. 7th St. Bloomington, IN 47405 USA"
10.2509,"Pacific Northwest Fungi Project","11015 38th Ave. NE Seattle, WA 98125 USA"
10.2974,"Kitakanto Medical Society",Japan
10.2485,"The Society for Hard Tissue Regenerative Biology",Japan
10.2748,"Mathematical Institute, Tohoku University",Japan
10.2963,"Japan Society of Thermophysical Properties",Japan
10.2996,"Tokyo Institute of Technology, Department of Mathematics",
10.2966,"Wiley Blackwell (AHRC Research Centre)","111 River Street Hoboken, NJ 07030 USA"
10.2957,"The Japan Society of Hepatology",Japan
10.2530,"Japan Society for Laser Surgery and Medicine",Japan
10.2965,"Japan Society on Water Environment",Japan
10.2516,"EDP Sciences","17 av. du Hoggar PA de Courtaboeuf BP 112 Les Ulis cedex A, 91944 France"
10.2958,"Japan Pancreas Society",Japan
10.5699,"Modern Humanities Research Association","14 Beaumont Road Cambridge, CB1 8PY UK"
10.2995,"Japanese Association for Chest Surgery",Japan
10.2754,"University of Veterinary and Pharmaceutical Sciences","Palackeho 1-3 Brno, 612 42 Czech Republic"
10.2741,"Frontiers in BioScience","20 Sunset Cove Newport Coast, CA 92657 USA"
10.5912,"thinkBiotech, LLC","1516 Swann St. NW Washington DC, 20009 USA"
10.3123,"The Japanese Environmental Mutagen Society",Japan
10.3108,"Centre for Bioscience","Innovation Way York Science Park York, YO10 5BR UK"
10.3127,"Australian Computer Society","160 Clarence Street Level 3 Sydney, NSW 2000 AUSTRALIA"
10.3116,"Institute of Physical Optics","Dragomanova Str. 23 Lviv, 79005 Ukraine"
10.1148,"Radiological Society of North America","820 Jorie Blvd. Oak Brook, IL 60523 USA"
10.3130,"Architectural Institute of Japan",Japan
10.2344,"American Dental Society of Anethesiology","810 E 10th St. Lawrence, KS 66044 USA"
10.2960,"Northwest Atlantic Fisheries Organization","P.O. Box 638 Dartmouth, NS B2Y 3Y9 Canada"
10.2988,"BioOne (The Biological Society of Washington)",
10.3106,"BioOne (Mammalogical Society of Japan)",
10.3099,"BioOne (Museum of Comparative Zoology, Harvard University)",
10.2992,"BioOne (Carnegie Museum of Natural History)",
10.2744,"BioOne (Chelonian Conservation and Biology Journal)",
10.2345,"Association for the Advancement of Medical Instrumentation","810 E 10th St. Lawrence, KS 660044 USA"
10.3122,"American Board of Family Medicine","Wayne State University 101 E. Alexandrine Detroit, MI 48201 USA"
10.7202,"Consortium Erudit","University of Montreal 3744 rue Jean-Brillant Montreal, QC H3T 1P1 Canada"
10.1673,"BioOne (University of Arizona Library)",USA
10.2964,"Japan Society of Information and Knowledge",Japan
10.2981,"BioOne (Wildlife Biology)",
10.3131,"Vacuum Society of Japan",Japan
10.3136,"Japanese Society for Food Science and Technology",Japan
10.2985,"BioOne (Cactus and Succulent Society of America)",
10.2982,"BioOne (East African Natural History Society)",
10.2994,"BioOne (Brazilian Herpetological Society)",
10.2980,"BioOne (Ecoscience)",
10.2983,"BioOne (National Shellfisheries Association)",
10.3100,"BioOne (Harvard University Botany Libraries)",USA
10.5358,"Herpetological Society of Japan",Japan
10.1094,"Scientific Societies","3340 Pilot Knob Road St. Paul, MN 55121 USA"
10.3126,"Nepal Journals Online","60 St. Aldates Oxford, OX1 1ST UK"
10.2978,"Society of Advanced Science",Japan
10.3151,"Japan Concrete Institute",Japan
10.2987,"BioOne (American Mosquito Control Association)",
10.2990,"BioOne (Politics and the Life Sciences)",
10.3101,"BioOne (Kentucky Academy of Science)",
10.3153,"Fisheries Sciences.com","Istanbul University Fisheries Faculty Ordu Caddesi No:200 Laleli Eminou/Istanbul, 34470 Turkey"
10.3143,"The Japan Geriatrics Society",Japan
10.3119,"BioOne (New England Botanical Club)",
10.3144,"Department of Polymer Engineering Budapest University of Technology & Economics), Scientific Society of Mechanical Engineerin","Muegyetem rkp3. Budapest, HU-1111 Hungary"
10.3165,"The Japanese Society for Pediatric Nephrology",Japan
10.3164,"The Society for Free Radical Research Japan",Japan
10.2522,"American Physical Therapy Association","1111 N. Fairfax St. Alexandria, VA 22314 USA"
10.3140,"Czech Geological Survey","Klarov 3 Attention: Sarka Dolezalova Prague 1, CZ-118 21 Czech Republic"
10.3146,"American Peanut Research & Education Society","PO Box 15825 College Station, TX 77841 USA"
10.3120,"BioOne (California Botanical Society)",
10.3114,"Centraalbureau voor Schimmelcultures","Uppsalalaan 8 Utrecht, 3584 CT The Netherlands"
10.2971,"European Optical Society","Hollerithallee 8 Hannover, 30419 Germany"
10.3118,"Japanese Society for Extremophiles",Japan
10.3161,"BioOne (Museum and Institute of Zoology at the Polish Academy of Sciences)",
10.2750,"The Association for Rural Planning",Japan
10.3112,Erdkunde,"Meckenheimer Allee 166 Bonn, 53115 Germany"
10.2515,"EDP Sciences","17 av. du Hoggar PA de Courtaboeuf BP 112 Les Ulis cedex A, 91944 France"
10.3852,"Mycological Society of America","Oregon State University Dept of Botany and Plant Pathology Cordley 2082 Corvalis, OR 97331-2902 USA"
10.1102,"E-MED LTD.","13 A Mauretania Building 4 Jardine Road, Atlantic Wharf London, E1W 3WB UK"
10.2216,"International Phycological Society","c/o Alliance Communications Group 810 E 10th St Lawrence, KS 66044 USA"
10.5708,"Binwin BT","Barlang u. 7 Solymar, H-2083 Hungary"
10.3117,"Japanese Society for Root Research",Japan
10.3188,"Swiss Forestry Society","PO Box 13 Pfaffikon, 8808 Switzerland"
10.3141,"Transportation Research Board","500 Fifth St., NW Washington D.C., 20001 USA"
10.3107,"Graduate School of Environmental Science, Okayama University",Japan
10.2308,"American Accounting Association","5717 Bessie Drive Sarasota, FL 34233-2399 USA"
10.3172,"McFarland & Company, Inc.","PO Box 611 Jefferson, NC 28694 USA"
10.3200,"Informa UK (Heldref Publications)","4 Park Square Milton Park, Abingdon, OXON OX14 4RN UK"
10.4298,"ReVision Publishing","PO Box 1855 Sebastopol, CA 95473 USA"
10.2989,"Informa UK (National Inquiry Services Center)","4 Park Square Milton Park, Abingdon, OXON OX14 4RN UK"
10.3192,"Japan Society for Immunology of Reproduction",Japan
10.3173,"The Japanese Society of Agricultural Informatics",Japan
10.3167,"Berghahn Books","20 Jay Street Suite 512 Brooklyn, NY 11201 USA"
10.2967,"Society of Nuclear Medicine","1850 Samuel Morse Dr. Reston, VA 20190 USA"
10.3197,"White Horse Press","Unipart House Garsington Road Oxford, OX4 29Q UK"
10.3208,"The Japanese Geotechnical Society",Japan
10.3209,"The Society for Actinomycetes Japan",
10.3156,"Japan Society for Fuzzy Theory and Intelligent Informatics",Japan
10.3149,"Men's Studies Press, LLC","2431 Airport Road Oakdale, TN 37829 USA"
10.3103,"Allerton Press","MAIK Profsoyusnaya St. 90 Moscow, 117997 Russia"
10.2310,"Decker, Inc.","50 King St. East P.O. Box 620, LCD 1 Hamilton, ON L8N 3K7 Canada"
10.4321,"Instituto de Salud Carlos III/BNCS/SciELO Espana","c/Sinesio Delgado 8, pabellon 8 Madrid, C.P.28029 Spain"
10.3414,"Schattauer GmbH (Methods of Information in Medicine)","Holderlinstrasse 3 Stuttgart, D-70174 Germany"
10.2319,"The Angle Orthodontist","EH Angle Education and Research Foundation, BCD, Dept. of Orthodontics 3302 Gaston Ave. Dallas, TX 75246 USA"
10.3104,"The Down Syndrome Educational Trust","6 Underley Business Centre Kirkby Lonsdale Cumbria, LA6 2DY UK"
10.3148,"Dietitians of Canada","604-480 University Ave. Toronto, ON M5G 1V2 Canada"
10.3135,"Marine Acoustics Society of Japan",Japan
10.3147,"The Japanese Society of Fish Pathology",Japan
10.2493,"The Japan Society for Precision Engineering",Japan
10.3178,"Japan Society of Hydrology and Water Resources",Japan
10.2461,"SPVS - Sociedade Portuguesa de Vida Selvagem","Estacao de Campo de Quiaios Apartado 16, EC Quiaios Fig. da Foz, 3081-101 Portugal"
10.3159,"BioOne (Torrey Botanical Society)",
10.3415,"Schattauer GmbH (Veterinary and Comparative Orthopaedics and Traumatology)","Holderlinstrasse 3 Stuttgart, D-70174 Germany"
10.3413,"Schattauer GmbH (NuklearMedizin/NuclearMedicine)","Holderlinstrasse 3 Stuttgart, D-70174 Germany"
10.2457,"The Japan Section of the Regional Science Association International",Japan
10.2976,"Informa UK (Human Frontier Science Program Publishing)","4 Park Square Milton Park, Abingdon, OXON OX14 4RN UK"
10.5172,"E-Content Management","PO Box 1027 Maleny, QLD 4552 Australia"
10.3139,"Carl Hanser Verlag GMBH & Co KG","Kolbergerstrasse 22 Muenchen, 81679 Germany"
10.3196,"Vittorio Klostermann GMBH","Frauenlobstr. 22 Frankfurt, D-60487 Germany"
10.3133,,
10.3336,"University of Zagreb, Department of Mathematics","Bijenicka Cesta 30 Zagreb 10000, Croatia"
10.1143,"Japan Society of Applied Physics","2-31-22-5F Yushima, Bunkyo-ku Tokyo, 113-0034 Japan"
10.3191,"Japanese Society for Thermal Medicine",Japan
10.3177,"Center for Academic Publications Japan",Japan
10.3183,"AB Svensk Papperstidning","PO Box 5515 Stockholm, SE-11485 Sweden"
10.3157,"BioOne (American Entomological Society)",
10.3323,"Japan Society of Corrosion Engineering",Japan
10.3175,"Japan Society of Molecular Science",Japan
10.3319,"Chinese Geoscience Union","P.O. Box 23-59 Taipei, 10699 Taiwan"
10.3121,"Marshfield Clinic","1000 N.Oak Avenue Marshfield, WI 54449-5777 USA"
10.3097,"Landscape Online","Meckenheimer Allee 166 Bonn, 53115 Germany"
10.3838,"JStage(Ornithological Society of Japan)",Japan
10.5840,"Philosophy Documentation Center","PO Box 7147 Charlottesville, VA 22906-7147 USA"
10.1105,"American Society of Plant Biologists","15501 Monona Drive Rockville, MD 20855-2768 USA"
10.3354,"Inter-Research Science Center","Nordbunte 23 Oldendorf/Luhe, 21385 Germany"
10.3163,"Medical Library Association","65 E. Wacker Pl. Ste. 1900 Chicago, IL 60601-7246 USA"
10.3311,"Periodica Polytechnica, Budapest University of Technology and Economics","Budapest U of Tech & Econ Budapest, 1521 Hungary"
10.3749,"Mineralogical Association of Canada","490 de la Couronne Quebec, GIK 9A9 Canada"
10.3351,"CRESR, Sheffield Hallam University","Sheffield Hallam University Unit 10, Science Park Sheffield, S1 1WB UK"
10.3361,"Armenian Association of Endoscopic Surgery","Daniel Varoujan 28a Yerevan, 375032 Armenia"
10.3186,"The Phytopathological Society of Japan",Japan
10.3314,"The Japanese Society for Medical Mycology",Japan
10.3179,"The Japan Society of Ultrasonics in Medicine",Japan
10.3190,"Czech Geological Society","V Holesovickach 41 Prague 8, 182 09 Czech Republic"
10.3329,"Bangladesh Journals Online","60 St. Aldates Oxford, OX1 1ST UK"
10.3125,"Vietnam Journals Online","60 St. Aldates Oxford, OX1 1ST UK"
10.3313,"Japan Landslide Society",Japan
10.3158,"BioOne (Field Museum of Natural History)",
10.3174,"American Society of Neuroradiology","2210 Midwest Road Suite 205 Oakbrook, IL 60523 USA"
10.3370,"Institute of Life Cycle Assessment, Japan",Japan
10.3372,"Botanic Garden & Botanical Museum Berlin-Dahlem BGBM","Koningin-Louise-Str. 6-8 Berlin, D-14145 Germany"
10.3379,"The Magnetics Society of Japan",Japan
10.3202,"College Art Association","50 Broadway Floor 21 New York, NY 10004-4800 USA"
10.1075,"John Benjamins Publishing Company","P.O. Box 36224 Amsterdam, NL 1020 ME The Netherlands"
10.4015,"National Taiwan University","No. 1, Sec. 1, Jen-Ai Road Taipei, 100 Taiwan"
10.3128,Scidea,"Hankou Road 49# Room 511 Nanjing, 210093 China"
10.3391,"Regional Euro-Asian Biological Invasions Centre Oy - REABIC","Regional Euro - Asian Biological Invasions Centre Oy PL 3 Helsinki, 00981 Finland"
10.3142,"Improbable Research, Inc.","P.O. Box 380853 Cambridge, MA 02238 USA"
10.3171,"Journal of Neurosurgery Publishing Group","One Morton Drive Suite 200 Charlottesville, VA 22903 USA"
10.3395,"Fundacao Oswaldo Cruz","Av Brasil, 4365 Castelo Mourisco Sala 102 Manguinhos, Rio de Janeiro, Brazil"
10.3384,"Linkoping University Electronic Press","Linkoping, 58183 Sweden"
10.3363,"Japanese Association of Inorganic Phosphorus Chemistry",Japan
10.1295,"Society of Polymer Science, Japan","c/o JST 5-3 Yonbancho Chiyoda-ku Tokyo, 102-0081 Japan"
10.3330,"The Japanese Society for Comparative Physiology and Biochemistry",Japan
10.3312,"Yamashina Institute for Ornithology",Japan
10.3408,"Japanese Association of Forensic Science and Technology",Japan
10.3359,"Institute of Information Science","Presernova 17 Maribor, 2000 Slovenia"
10.3152,"Informa UK (Beech Tree Publishing)","4 Park Square Milton Park, Abingdon, OXON OX14 4RN UK"
10.3373,"Japanese Society of Service Dog Research",Japan
10.3324,"Ferrata Storti Foundation","Via G Belli 4 Pavia, 27100 Italy"
10.3399,"Royal College of General Practitioners","30 Euston Square London, NW1 2FB UK"
10.3371,"Walsh Medical Media, LLC","PO BOX 193 Montvale, NJ 07645 USA"
10.3369,"Tethys, Journal of Weather & Climate of the Western Mediterranean","Universitat de les Illes Ballears DPT-Fisica Palma de Mallorca, 07112 Spain"
10.3388,"Japanese Society of Pediatric Allergy and Clinical Immunology",Japan
10.3124,"The Society of Exploration Geophysicists of Japan",Japan
10.3362,"Practical Action Publishing","Schumacher Center for Technology and Development Bourton on Dunsmore Rugby Warwichshire, CV23 9QZ UK"
10.7727,"West Indian Medical Journal","Faculty of Medical Sciences Univ. of the West Indies Mona, Kingston 7 Jamaica"
10.3722,"CAD Solutions, LLC.","P.O. Box 48693 Tampa, FL 33646 USA"
10.3720,"Japanese Association for Petroleum Engineers",Japan
10.3719,"The Weed Science Society of Japan",Japan
10.3387,"Japanese Society of Eucommia",Japan
10.3368,"University of Wisconsin Press","1930 Monroe Street 3rd Floor Madison, WI 53711 USA"
10.3382,"Poultry Science Association","1800 South Oak Street Suite 100 Champaign, IL 61820 USA"
10.3199,"International Society of Chromosome Botany",Japan
10.3210,"The Center for Fire Science and Technology, Research Institute for Science and Technology, Tokyo University of Science",Japan
10.2969,"The Mathematical Society of Japan",
10.3189,"International Glaciological Society","Scott Polar Research Institute Lensfield Road Cambridge, UK"
10.3389,"Frontiers Media SA","Avenue C.F. Ramuz 43 Case postale 1376 Lausanne, CH-1001 Switzerland"
10.3725,"The Japanese Nematological Society",Japan
10.3341,"Korean Opthalmological Society (KAMJE)",Korea
10.3347,"Korean Society for Parasitology (KAMJE)",Korea
10.3340,"Korean Neurosurgical Society (KAMJE)",Korea
10.3160,"BioOne (Southern California Academy of Sciences)",
10.3747,"MultiMed Inc.","66 Martin Street Milton, ON L9T 2R2 Canada"
10.3736,"Journal of Chinese Integrative Medicine Press","Room 1407, Building of Sci and Tech Mansion 168 Changhai Road Shanghai, 200433 China"
10.3753,"The Japanese Society of Lumbar Spine Disorders",Japan
10.3407,"Nozomi Science","Villa del Prado Manzana 51, Casa 61 Pereira, Risaralda Colombia"
10.3748,"Baishideng Publishing Group Co","Ocean International Centre Buliding D, Rm 903,No. 62 Dungsihuan Zhonglu Beijing, Chauyang District 100025 China"
10.3325,"Croatian Medical Journal","Genetics Salata 12 Zagreb, 10000 Croatia"
10.3176,"Estonian Academy Publishers","6 Kohtu Tallinn, 10130 Estonia"
10.3397,"Institute of Noise Control Engineering","9100 Purdue Road Suite 200 Indianapolis, IN 46268 USA"
10.5604,"Index Copernicus International","Al. Jerozolimskie 179 Warszawa, 02-222 Poland"
10.3392,"Sociotechnology Research Network - Shakai Gijutsu Kenkyuukai",Japan
10.3412,"Japanese Society for Bacteriology",Japan
10.3765,"Semantics and Pragmatics","77 Massachusetts Avenue Room 32-D808 Cambridge, MA 02139 USA"
10.2747,"Bellwether Publishing","8640 Guilford Road, Suite 200 Columbia, MD 21046 USA"
10.3375,"BioOne (Natural Areas Journal)",
10.3374,"BioOne (Bulletin of the Peabody Museum of Natural History)",
10.3356,"BioOne (The Raptor Research Foundation)",
10.3377,"BioOne (African Zoology)",
10.1896,"BioOne (Conservation International)","1919 M Street Washington, DC 20036 USA"
10.3398,"BioOne (Western North American Naturalist)",
10.3752,"Biological Survey Foundation","130 Topaze Way Navan, ON K4B 1K1 Canada"
10.3769,"Japan Radioisotope Association",Japan
10.2341,"Operative Dentistry","7141 Creekwood Estates Brownsburg, IN 46112 USA"
10.3198,"American Society of Agronomy","5585 Guilford Rd. Madison, WI 53711 USA"
10.3797,"Osterreichische Pharmazeutische Gesellschaft","Eisenhuttelgasse 76 Perchtoldsdorf, 2380 Austria"
10.3322,"Wiley (American Cancer Society)","1599 Clifton Road NE Atlanta, GA 30329-4251 USA"
10.3409,"Institute of Systematics and Evolution of Animals, Polish Academy of Sciences","Slawkowska 17 Krakow, 31-016 Poland"
10.3751,"The Middle East Journal","1761 N Street NW Washington, DC 20036 USA"
10.3723,"Society for Underwater Technology","1 Fetter Lane London, EC4A 1BR UK"
10.3358,"Japanese Society for Food Hygiene and Safety",Japan
10.3346,"Korean Academy of Medical Sciences (KAMJE)",Korea
10.3798,"Theory in Action","39-09 Berdan Avenue Fair Lawn, NJ 07410 USA"
10.3726,"Peter Lang, International Academic Publishers","Moosstrasse 1 Pieterlen, CH-2542 Switzerland"
10.3805,"The Japan Epilepsy Society",Japan
10.3774,"Biophilia Rehabilitation Acdemy",Japan
10.3383,diaNet,"Via Gagini 6 Messina, 98121 Italy"
10.3767,"Naturalis Biodiversity Center","Einsteinweg 2, room A112 PO Box 9517 Leiden, 2300 RA The Netherlands"
10.3332,"Cancer Intelligence","ecancermedicalscience 154 Cheltenham Road Bristol, BS6 5RL UK"
10.3170,"Wiley Blackwell (Opulus Press)","111 River Street Hoboken, NJ 07030 USA"
10.3400,"The Editorial Committee of Annals of Vascular Diseases",Japan
10.3776,"East Carolina University","301 Evans Street Suite 401-E Greenville, NC 27858 USA"
10.3180,Reactome,
10.3808,"International Society for Environmental Information Sciences","4246 Albert St., Suite 413 Regina, SK S4S 3R9 Canada"
10.3343,"Korean Society for Laboratory Medicine (KAMJE)",Korea
10.3320,,
10.3353,"The Japanese Society for Oral Pathology",Japan
10.3348,"The Korean Society of Radiology (KAMJE)",Korea
10.3744,"The Society of Naval Architects of Korea",Korea
10.3740,"The Materials Research Society of Korea",Korea
10.3745,"Korea Information Processing Society",Korea
10.3743,"Korean Society for Information Management",Korea
10.3741,"Korea Water Resources Association",Korea
10.3344,"Korean Pain Society (KAMJE)",Korea
10.3345,"Korean Pediatric Society (KAMJE)",Korea
10.3315,"Specjalisci Dermatolodzy","Grojecka 186/309 Warsaw, 02-392 Poland"
10.7790,"Swinburne University of Technology","PO Box 218 Hawthorn, Victoria 3122 Australia"
10.5603,"VM Media Sp zo.o. - VMGroup SK","ul. Swietokrzyska 73 Gdansk, 80-180 Poland"
10.3169,"The Institute of Image Information and Television Engineers",Japan
10.3837,"Korean Society for Internet Information","409 Main Building, Koren Science Technical Hall 635-4 Yoeksam-Dong, Gangham-Gu Seoul, 135-1703 Korea"
10.3803,"Korean Endocrine Society (KAMJE)",Korea
10.3393,"Korean Society of Coloproctology (KAMJE)",Korea
10.3349,"Yonsei University College of Medicine (KAMJE)",Korea
10.3987,"Japan Institute of Heterocyclic Chemistry","1-7-17, Motoakasaka Minato-ku Tokyo, 107-0051 Japan"
10.3793,"Japanese Society of Anti-Aging Medicine",Japan
10.3739,"The Japanese Society of Limnology",Japan
10.3923,"Science Alert","244 5th Ave. #2218 New York, NY 10001 USA"
10.3827,"The Foot and Ankle Online Journal","3130 S. Alameda Corpus Christi, TX 78404 USA"
10.3836,"Tokyo Journal of Mathematics",Japan
10.3733,"California Agriculture","1301 S. 46th St. Building 478 Richmond, CA 94804-4604 USA"
10.3801,"International Association for Fire Safety Science","West Yard House Guilford Grove London, SE10 85T UK"
10.3920,"Wageningen Academic Publishers","Van Godewijckstraat 30 Dordrecht, GX 3311 The Netherlands"
10.3819,"Comparative Cognition Society","Department of Psychology Queen's University Kingston, Ontario K7L 3N6 Canada"
10.3357,"Aerospace Medical Association","320 S. Henry Street Alexandria, VA 22314 USA"
10.3813,"S. Hirzel Verlag","Birkenwaldstr. 44 Stuttgart, 70191 Germany"
10.3750,"Szczecinskie Towarzystwo Naukowe","Acta Ichthyologica et Piscatoria c/o Faculty of Food Sciences and Fisheries West Pomeranian University of Technology ul. Kazimierza, Krolewicza 4 Szczecin 71-550 Poland"
10.3418,"Japan Academy of Midwifery",Japan
10.3746,"The Korean Society of Food Science and Nutrition",Korea
10.1564,"Research Information Ltd","Grenville Court Britwell Rd. Burnham, Buckinghamshire, SL1 8DF UK"
10.3790,"Duncker & Humblot GmbH","Carl-Heinrich-Becker-Weg 9 Berlin, DE 12113 Germany"
10.3842,SIGMA,"Department of Applied Research, Institute of Mathematics 3 Tereshchenkivs'ka Str Kyiv-4, 01601 Ukraine"
10.3814,"Hindawi Publishing Corporation (Syrexe)","Nasr City Free Zone Cairo, 11816 Egypt"
10.3754,"Princeton Theological Seminary Library","PO Box 111 Princeton, NJ 08542 USA"
10.3791,"MyJoVE Corporation","17 Sellers Street Cambridge, MA 02139 USA"
10.3823,"Internet Medical Publishing","Latores 14 Oviedo, 33193 Spain"
10.3756,"Society for Art and Science",Japan
10.3846,"Vilnius Gediminas Technical University","Sauletekio al. 11, LT-10223 Vilnius, Lithuania"
10.3800,"The Plankton Society of Japan (The Japanese Association of Benthology)",Japan
10.3338,"Korean Society for Cytopathology (KAMJE)",Korea
10.3339,"Korean Society of Pediatric Nephrology (KAMJE)",Korea
10.3766,"American Academy of Audiology","11730 Plaza America Drive Suite 300 Reston, VA 20190 USA"
10.3132,"Sherborne Gibbs","3 Arrow Court, Adams Way Springfield Business Park Alcester, Birmingham B49 6PU UK"
10.2144,"Informa UK (Informa Life Sciences)",
10.2459,"Ovid Technologies (Wolters Kluwer) - Italian Federation of Cardiology","Ovid Technologies 333 Seventh Ave., 20th fl New York, NY 10001 USA"
10.3794,"Oxford Brookes University","Oxford Brookes University Wheatley Campus Oxford, OX33 1HX UK"
10.3795,"The Korean Society of Mechanical Engineers",Korea
10.3807,"Korean Journal of Optics and Photonics",Korea
10.3796,"The Korean Society of Fisheries Technology",Korea
10.3809,"The Virtual Explorer Pty Ltd.","P.O. Box 6229 Lanyon P.O., Condor 2906 Canberra, ACT 0200 Australia"
10.3860,PhilJOL,"C/O INASP 60 St. Aldates Oxford, OX1 1ST UK"
10.3884,"Walter de Gruyter GmbH (European Journal of Nanomedicine)","Genthiner Strabe13 Berlin, D-10785 Germany"
10.3788,"Shanghai Institute of Optics and Fine Mechanics","Qinghe Road No. 390 Jiading, Shanghai 201800 China"
10.3757,"Japan Society for Equilibrium Research",Japan
10.3380,"Study Group of Microwave Surgery",Japan
10.2504,"The Kyushu Dental Society",Japan
10.3811,"The Japanese Society for Multiphase Flow",Japan
10.3818,"Justice Research & Statistics Association","777 N. Capitol St. NE Suite 801 Washington DC, 20002 USA"

